{
    "data": [
        {
            "phoneNumber": "66079241",
            "address": "Bin Mohamed",
            "firstNameEng": "Tom Deppak",
            "lastNameEng": "",
            "rimNumber": "1279281"
        },
        {
            "phoneNumber": "66079241",
            "address": "Umm Ghuwailina",
            "firstNameEng": "Gowtham Pandi",
            "lastNameEng": "S",
            "rimNumber": "1257958"
        },
        {
            "phoneNumber": "66079241",
            "address": "Old Salatta",
            "firstNameEng": "Krish Chan",
            "lastNameEng": "",
            "rimNumber": "1044785"
        }
    ]
}