{
	"status": "SUCCESS",
	"statusCode": 200,
	"message": "SUCCESS",
	"uuid": "4af1a19f-6cc6-46dc-bf60-5fffe6eb8963",
	"data": {
		"rimnumber": "180785",
		"legal_id": "26099900033 dfgdfgdfg",
		"legal_doc_name": "QATAR.ID PASSPORT",
		"firstnameeng": "GB NAME 1",
		"middlenameeng": "GB NAME 1",
		"lastnameeng": "GB NAME 1",
		"pobox": "559",
		"customeraddress1": "test",
		"customeraddress2": "شارع الريان آل شافي",
		"customeraddress3": "شارع الريان آل شافي",
		"country": "DOHA",
		"homeemailid": "abc@email.com180785",
		"businessemailid": "ARUL.inigo@qib.com.qa Vas@qib.com.qa aravind@qib.com.qa Gaurav@qib.com.qa sandeep.kum@qib.com.qa sandeep.kum@qib.com.qa",
		"createdate": "1806061734",
		"dob": "19600529",
		"citizenship": "AU",
		"title": "MR",
		"gender": "MALE",
		"legal_exp_date": "20190415 20200130",
		"homephone": "+97431387900     ",
		"mobilephone": "+97466604889     ",
		"officephone": "+97466885652",
		"language": "2",
		"branchnumber": "QA0010015",
		"sectorcode": "106",
		"industry": "7104",
		"relationshipmanager": "6244",
		"target": "6000",
		"visuallychallegnged": "N",
		"customer_status": "1",
		"salary": "29885.45",
		"caution": "ARUL ADDITIONAL CAUTION UAT SIT TEST",
		"qatar_id": "26099900033",
		"sectorDesc": "Retail Mass General",
		"branchDesc": "Al Fanar",
		"relationshipManagerDesc": "QA0010015 - Branch Manager",
		"citizenshipDesc": "Australia",
        "Number": "180785"
	}
}